<?xml version="1.0" encoding="UTF-8"?>
<!DOCTYPE fontscolors PUBLIC "-//NetBeans//DTD Editor Fonts and Colors settings 1.1//EN" "http://www.netbeans.org/dtds/EditorFontsColors-1_1.dtd">
<fontscolors>
    <fontcolor default="identifier" foreColor="darkGray" name="mod-local-variable-declaration"/>
    <fontcolor default="identifier" name="mod-local-variable"/>
    <fontcolor bgColor="red" default="character" name="character-escape-invalid">
        <font style="italic"/>
    </fontcolor>
    <fontcolor default="identifier" name="mod-class-declaration">
        <font style="bold"/>
    </fontcolor>
    <fontcolor bgColor="gray" default="number" foreColor="cyan" name="number"/>
    <fontcolor default="identifier" foreColor="red" name="identifier"/>
</fontscolors>
